DATA_ACIONA;FX_ATRASO;ACIONAMENTOS;CPC;CPCA;PROMESSA;VALORPRIN_FIN
2025-09-01;Menor 0;2;2;0;0;260.58
2025-09-01;0-30;32;17;9;4;1885.71
2025-09-01;31-60;4;2;1;0;117.18
2025-09-01;61-90;2;0;0;0;3835.7999999999997
2025-09-01;91-120;9;1;1;0;18682.87
2025-09-01;121-150;20;1;1;0;40910.15
2025-09-01;151-180;11;2;2;1;11582.170000000002
2025-09-01;181-360;170;17;8;3;252528.27
2025-09-01;361-720;228;33;17;8;373839.41000000003
2025-09-01;Maior 720;31;0;0;0;135192.16999999998
2025-09-02;Menor 0;0;0;0;0;0.0
2025-09-02;0-30;24;20;14;5;2507.4300000000003
2025-09-02;31-60;0;0;0;0;0.0
2025-09-02;61-90;0;0;0;0;0.0
2025-09-02;91-120;4;4;3;1;400.45000000000005
2025-09-02;121-150;11;4;3;1;1518.82
2025-09-02;151-180;11;2;2;1;1156.6000000000001
2025-09-02;181-360;132;38;27;12;46937.34
2025-09-02;361-720;36;3;3;1;16545.07
2025-09-02;Maior 720;0;0;0;0;0.0
2025-09-03;Menor 0;2;2;0;0;218.09
2025-09-03;0-30;14;12;9;4;1207.38
2025-09-03;31-60;2;2;2;0;191.09
2025-09-03;61-90;0;0;0;0;0.0
2025-09-03;91-120;10;5;5;2;8567.26
2025-09-03;121-150;9;3;3;0;9239.4
2025-09-03;151-180;5;3;3;3;3402.4100000000003
2025-09-03;181-360;98;11;5;3;78665.98
2025-09-03;361-720;215;23;22;9;264012.18
2025-09-03;Maior 720;9;0;0;0;16452.36
2025-09-04;Menor 0;0;0;0;0;0.0
2025-09-04;0-30;19;17;11;5;1805.0900000000001
2025-09-04;31-60;4;4;1;0;170.44
2025-09-04;61-90;19;0;0;0;10793.34
2025-09-04;91-120;150;3;0;0;92364.76
2025-09-04;121-150;47;7;6;3;20386.739999999998
2025-09-04;151-180;43;4;2;2;29356.719999999998
2025-09-04;181-360;188;33;23;14;82612.66
2025-09-04;361-720;155;50;43;23;69501.01
2025-09-04;Maior 720;2;0;0;0;793.6300000000001
2025-09-05;Menor 0;0;0;0;0;0.0
2025-09-05;0-30;28;15;10;2;1829.91
2025-09-05;31-60;5;4;4;3;494.30999999999995
2025-09-05;61-90;3;3;3;1;223.20000000000002
2025-09-05;91-120;0;0;0;0;0.0
2025-09-05;121-150;19;7;5;3;4434.37
2025-09-05;151-180;0;0;0;0;0.0
2025-09-05;181-360;131;33;25;13;41730.82
2025-09-05;361-720;124;37;33;11;58862.41
2025-09-05;Maior 720;0;0;0;0;0.0
2025-09-09;Menor 0;0;0;0;0;0.0
2025-09-09;0-30;3;2;0;0;265.46000000000004
2025-09-09;31-60;24;16;11;5;1134.24
2025-09-09;61-90;9;8;5;2;578.73
2025-09-09;91-120;4;2;1;1;2876.3199999999997
2025-09-09;121-150;10;2;2;1;2153.43
2025-09-09;151-180;7;1;1;1;5934.44
2025-09-09;181-360;120;13;11;5;103867.25
2025-09-09;361-720;211;37;30;14;222972.97
2025-09-09;Maior 720;15;0;0;0;24307.51
2025-09-10;Menor 0;0;0;0;0;0.0
2025-09-10;0-30;2;2;0;0;138.60000000000002
2025-09-10;31-60;16;14;8;3;1486.6599999999999
2025-09-10;61-90;77;4;4;2;39583.25
2025-09-10;91-120;49;1;1;1;38995.77
2025-09-10;121-150;40;1;0;0;29323.14
2025-09-10;151-180;6;1;1;1;2982.0299999999997
2025-09-10;181-360;49;1;1;0;37799.79
2025-09-10;361-720;177;45;34;14;106858.55
2025-09-10;Maior 720;53;16;10;2;20232.91
2025-09-11;Menor 0;1;1;1;0;27.97
2025-09-11;0-30;0;0;0;0;0.0
2025-09-11;31-60;18;11;8;3;1073.06
2025-09-11;61-90;5;1;1;1;901.65
2025-09-11;91-120;11;0;0;0;4505.93
2025-09-11;121-150;13;1;1;0;6027.2
2025-09-11;151-180;1;0;0;0;343.15999999999997
2025-09-11;181-360;57;0;0;0;21833.96
2025-09-11;361-720;192;41;30;11;106288.3
2025-09-11;Maior 720;15;4;3;1;11493.02
2025-09-12;Menor 0;1;1;0;0;59.8
2025-09-12;0-30;0;0;0;0;0.0
2025-09-12;31-60;16;13;5;1;1598.7
2025-09-12;61-90;2;1;1;0;1326.9499999999998
2025-09-12;91-120;10;1;1;1;11565.609999999999
2025-09-12;121-150;8;1;1;1;11031.23
2025-09-12;151-180;2;0;0;0;2580.1899999999996
2025-09-12;181-360;140;0;0;0;179856.66999999998
2025-09-12;361-720;358;49;37;20;350179.02
2025-09-12;Maior 720;27;8;7;5;18085.66
2025-09-13;Menor 0;0;0;0;0;0.0
2025-09-13;0-30;0;0;0;0;0.0
2025-09-13;31-60;3;3;1;0;83.65
2025-09-13;61-90;0;0;0;0;0.0
2025-09-13;91-120;1;1;1;0;149.14
2025-09-13;121-150;3;2;2;0;219.47
2025-09-13;151-180;0;0;0;0;0.0
2025-09-13;181-360;0;0;0;0;0.0
2025-09-13;361-720;64;11;7;2;42938.88
2025-09-13;Maior 720;0;0;0;0;0.0
2025-09-15;Menor 0;1;1;0;0;29.9
2025-09-15;0-30;2;2;2;1;660.03
2025-09-15;31-60;10;8;5;2;730.24
2025-09-15;61-90;0;0;0;0;0.0
2025-09-15;91-120;10;2;1;0;13012.939999999999
2025-09-15;121-150;13;3;1;0;15142.93
2025-09-15;151-180;3;0;0;0;2557.2
2025-09-15;181-360;68;0;0;0;85336.33
2025-09-15;361-720;344;45;35;15;295472.87
2025-09-15;Maior 720;8;0;0;0;10355.9
2025-09-16;Menor 0;14;14;0;0;1174.78
2025-09-16;0-30;46;41;22;8;2743.11
2025-09-16;31-60;8;6;4;2;897.41
2025-09-16;61-90;0;0;0;0;0.0
2025-09-16;91-120;3;0;0;0;3583.1099999999997
2025-09-16;121-150;6;2;1;1;4532.58
2025-09-16;151-180;12;0;0;0;12335.789999999999
2025-09-16;181-360;182;1;1;0;194897.01
2025-09-16;361-720;230;49;34;9;137058.36000000002
2025-09-16;Maior 720;15;5;1;1;4960.9
2025-09-17;Menor 0;1;1;0;0;54.21
2025-09-17;0-30;14;9;7;5;864.57
2025-09-17;31-60;5;4;2;1;538.02
2025-09-17;61-90;0;0;0;0;0.0
2025-09-17;91-120;3;3;2;0;167.82
2025-09-17;121-150;1;1;1;0;139.8
2025-09-17;151-180;0;0;0;0;0.0
2025-09-17;181-360;1;1;1;1;370.91999999999996
2025-09-17;361-720;189;38;26;6;122646.66
2025-09-17;Maior 720;18;7;5;2;4976.26
2025-09-18;Menor 0;1;1;0;0;79.9
2025-09-18;0-30;22;20;10;7;1289.41
2025-09-18;31-60;9;7;5;2;1386.26
2025-09-18;61-90;0;0;0;0;0.0
2025-09-18;91-120;2;1;0;0;180.42000000000002
2025-09-18;121-150;2;2;1;0;222.84000000000003
2025-09-18;151-180;2;2;1;0;160.24
2025-09-18;181-360;0;0;0;0;0.0
2025-09-18;361-720;128;32;26;9;74337.31
2025-09-18;Maior 720;5;2;1;0;2095.5699999999997
2025-09-19;Menor 0;5;5;0;0;285.39
2025-09-19;0-30;21;15;6;3;1603.3400000000001
2025-09-19;31-60;11;6;5;1;1526.8799999999999
2025-09-19;61-90;4;3;3;1;870.38
2025-09-19;91-120;1;1;0;0;59.8
2025-09-19;121-150;0;0;0;0;0.0
2025-09-19;151-180;1;0;0;0;4587.030000000001
2025-09-19;181-360;2;1;1;1;958.8999999999999
2025-09-19;361-720;95;22;16;11;56529.01
2025-09-19;Maior 720;7;2;2;0;2974.08
2025-09-20;Menor 0;0;0;0;0;0.0
2025-09-20;0-30;0;0;0;0;0.0
2025-09-20;31-60;0;0;0;0;0.0
2025-09-20;61-90;0;0;0;0;0.0
2025-09-20;91-120;0;0;0;0;0.0
2025-09-20;121-150;0;0;0;0;0.0
2025-09-20;151-180;0;0;0;0;0.0
2025-09-20;181-360;0;0;0;0;0.0
2025-09-20;361-720;69;10;8;3;48945.37
2025-09-20;Maior 720;0;0;0;0;0.0
2025-09-22;Menor 0;5;5;0;0;224.04000000000002
2025-09-22;0-30;26;22;16;8;1324.02
2025-09-22;31-60;19;13;6;1;5814.8099999999995
2025-09-22;61-90;4;3;3;3;872.53
2025-09-22;91-120;3;3;1;0;552.96
2025-09-22;121-150;1;1;1;1;29.9
2025-09-22;151-180;5;3;3;1;2285.8
2025-09-22;181-360;0;0;0;0;0.0
2025-09-22;361-720;127;24;18;1;81681.94
2025-09-22;Maior 720;0;0;0;0;0.0
2025-09-23;Menor 0;0;0;0;0;0.0
2025-09-23;0-30;25;25;24;7;3531.04
2025-09-23;31-60;12;9;6;1;2863.4
2025-09-23;61-90;0;0;0;0;0.0
2025-09-23;91-120;7;6;2;1;1491.6
2025-09-23;121-150;1;1;0;0;79.9
2025-09-23;151-180;2;2;2;1;190.1
2025-09-23;181-360;0;0;0;0;0.0
2025-09-23;361-720;36;7;5;1;22245.03
2025-09-23;Maior 720;0;0;0;0;0.0
2025-09-24;Menor 0;1;1;1;0;53.93
2025-09-24;0-30;18;16;9;4;1357.1200000000001
2025-09-24;31-60;15;13;10;1;5011.7
2025-09-24;61-90;3;2;2;0;464.88000000000005
2025-09-24;91-120;3;2;2;0;583.64
2025-09-24;121-150;4;4;2;0;310.5
2025-09-24;151-180;0;0;0;0;0.0
2025-09-24;181-360;0;0;0;0;0.0
2025-09-24;361-720;121;32;24;11;80503.71
2025-09-24;Maior 720;0;0;0;0;0.0
2025-09-25;Menor 0;0;0;0;0;0.0
2025-09-25;0-30;35;25;19;14;7821.41
2025-09-25;31-60;56;21;17;9;13796.289999999999
2025-09-25;61-90;9;4;2;1;3393.6099999999997
2025-09-25;91-120;25;11;6;2;7303.84
2025-09-25;121-150;25;8;4;0;10116.93
2025-09-25;151-180;17;1;1;0;6044.94
2025-09-25;181-360;0;0;0;0;0.0
2025-09-25;361-720;12;6;6;4;3478.86
2025-09-25;Maior 720;0;0;0;0;0.0
2025-09-26;Menor 0;0;0;0;0;0.0
2025-09-26;0-30;30;26;19;7;5692.139999999999
2025-09-26;31-60;36;19;11;4;10987.43
2025-09-26;61-90;14;7;6;1;4959.5199999999995
2025-09-26;91-120;13;3;3;2;3879.14
2025-09-26;121-150;11;3;1;0;5609.69
2025-09-26;151-180;8;3;3;1;2234.88
2025-09-26;181-360;1;0;0;0;159.8
2025-09-26;361-720;50;15;11;5;28854.72
2025-09-26;Maior 720;0;0;0;0;0.0
2025-09-27;Menor 0;0;0;0;0;0.0
2025-09-27;0-30;10;8;6;6;509.23
2025-09-27;31-60;7;5;3;0;3856.58
2025-09-27;61-90;0;0;0;0;0.0
2025-09-27;91-120;9;2;1;1;2878.12
2025-09-27;121-150;6;2;1;1;1468.37
2025-09-27;151-180;5;2;2;1;1346.32
2025-09-27;181-360;3;2;2;1;996.8100000000001
2025-09-27;361-720;79;16;12;9;50191.22
2025-09-27;Maior 720;0;0;0;0;0.0
2025-09-29;Menor 0;1;1;0;0;79.9
2025-09-29;0-30;21;13;9;7;2280.79
2025-09-29;31-60;56;26;21;8;12791.41
2025-09-29;61-90;18;9;9;3;5537.59
2025-09-29;91-120;14;8;7;2;7106.92
2025-09-29;121-150;30;11;7;6;10339.35
2025-09-29;151-180;10;5;4;2;3843.41
2025-09-29;181-360;0;0;0;0;0.0
2025-09-29;361-720;34;11;8;2;18465.21
2025-09-29;Maior 720;20;4;2;0;5722.79
2025-09-30;Menor 0;0;0;0;0;0.0
2025-09-30;0-30;18;13;11;9;1213.45
2025-09-30;31-60;43;16;6;2;13520.5
2025-09-30;61-90;12;5;4;2;5276.46
2025-09-30;91-120;20;9;5;2;6668.1
2025-09-30;121-150;27;8;6;2;14831.25
2025-09-30;151-180;29;7;6;3;20655.04
2025-09-30;181-360;233;1;1;1;238119.86
2025-09-30;361-720;920;12;10;2;926305.09
2025-09-30;Maior 720;29;0;0;0;48958.39999999999
