DATA_ACIONA;FX_ATRASO;ORIGEM;ACIONAMENTOS;VALORPRIN_FIN_ACIONAMENTOS;CPC;VALORPRIN_FIN_CPC;CPCA;VALORPRIN_FIN_CPCA;PROMESSA;VALORPRIN_FIN_PROMESSA;nr_dia_util;quartil;dt_mes;mes_abreviado
2025-09-01;Preventivo;Humano;0,0;0,0;0,0;0,0;0,0;0,0;0,0;0,0;1;Q3;9;Set
2025-09-01;Preventivo;Robô;0,0;0,0;0,0;0,0;0,0;0,0;0,0;0,0;1;Q3;9;Set
2025-09-01;0-30;Humano;1,0;104,21000000000001;1,0;104,21000000000001;1,0;104,21000000000001;1,0;104,21000000000001;1;Q3;9;Set
2025-09-01;0-30;Robô;7,0;462,54999999999995;3,0;192,44000000000003;1,0;79,9;0,0;0,0;1;Q3;9;Set
2025-09-01;31-60;Humano;0,0;0,0;0,0;0,0;0,0;0,0;0,0;0,0;1;Q3;9;Set
2025-09-01;31-60;Robô;1,0;56,26;1,0;56,26;1,0;56,26;0,0;0,0;1;Q3;9;Set
2025-09-01;61-90;Humano;0,0;0,0;0,0;0,0;0,0;0,0;0,0;0,0;1;Q3;9;Set
2025-09-01;61-90;Robô;0,0;0,0;0,0;0,0;0,0;0,0;0,0;0,0;1;Q3;9;Set
2025-09-01;91-120;Humano;0,0;0,0;0,0;0,0;0,0;0,0;0,0;0,0;1;Q3;9;Set
2025-09-01;91-120;Robô;4,0;9501,470000000001;0,0;0,0;0,0;0,0;0,0;0,0;1;Q3;9;Set
2025-09-01;121-150;Humano;3,0;2231,28;1,0;159,8;1,0;159,8;0,0;0,0;1;Q3;9;Set
2025-09-01;121-150;Robô;8,0;11396,36;1,0;159,8;1,0;159,8;0,0;0,0;1;Q3;9;Set
2025-09-01;151-180;Humano;6,0;3864,8400000000006;1,0;64,98;1,0;64,98;0,0;0,0;1;Q3;9;Set
2025-09-01;151-180;Robô;5,0;7682,750000000001;0,0;0,0;0,0;0,0;0,0;0,0;1;Q3;9;Set
2025-09-01;181-360;Humano;84,0;66841,21999999999;16,0;3953,7;7,0;2653,81;3,0;329,40000000000003;1;Q3;9;Set
2025-09-01;181-360;Robô;0,0;0,0;0,0;0,0;0,0;0,0;0,0;0,0;1;Q3;9;Set
2025-09-01;361-720;Humano;148,0;173196,49;33,0;14000,279999999999;17,0;4721,58;8,0;487,04999999999995;1;Q3;9;Set
2025-09-01;361-720;Robô;0,0;0,0;0,0;0,0;0,0;0,0;0,0;0,0;1;Q3;9;Set
2025-09-01;Maior 720;Humano;0,0;0,0;0,0;0,0;0,0;0,0;0,0;0,0;1;Q3;9;Set
2025-09-01;Maior 720;Robô;0,0;0,0;0,0;0,0;0,0;0,0;0,0;0,0;1;Q3;9;Set
2025-09-02;Preventivo;Humano;0,0;0,0;0,0;0,0;0,0;0,0;0,0;0,0;2;Q3;9;Set
2025-09-02;Preventivo;Robô;0,0;0,0;0,0;0,0;0,0;0,0;0,0;0,0;2;Q3;9;Set
2025-09-02;0-30;Humano;2,0;625,8000000000001;1,0;104,21000000000001;1,0;104,21000000000001;1,0;104,21000000000001;2;Q3;9;Set
2025-09-02;0-30;Robô;16,0;1193,73;11,0;763,82;8,0;621,3800000000001;3,0;218,04000000000002;2;Q3;9;Set
2025-09-02;31-60;Humano;0,0;0,0;0,0;0,0;0,0;0,0;0,0;0,0;2;Q3;9;Set
2025-09-02;31-60;Robô;1,0;56,26;1,0;56,26;1,0;56,26;0,0;0,0;2;Q3;9;Set
2025-09-02;61-90;Humano;0,0;0,0;0,0;0,0;0,0;0,0;0,0;0,0;2;Q3;9;Set
2025-09-02;61-90;Robô;0,0;0,0;0,0;0,0;0,0;0,0;0,0;0,0;2;Q3;9;Set
2025-09-02;91-120;Humano;0,0;0,0;0,0;0,0;0,0;0,0;0,0;0,0;2;Q3;9;Set
2025-09-02;91-120;Robô;4,0;9501,470000000001;0,0;0,0;0,0;0,0;0,0;0,0;2;Q3;9;Set
2025-09-02;121-150;Humano;13,0;3749,8200000000006;5,0;579,26;4,0;577,34;1,0;159,8;2;Q3;9;Set
2025-09-02;121-150;Robô;13,0;12692,899999999998;3,0;417,54;3,0;417,54;0,0;0,0;2;Q3;9;Set
2025-09-02;151-180;Humano;15,0;4788,610000000001;2,0;240,76000000000005;2,0;240,76000000000005;1,0;175,78000000000003;2;Q3;9;Set
2025-09-02;151-180;Robô;12,0;8544,83;1,0;175,78000000000003;1,0;175,78000000000003;1,0;175,78000000000003;2;Q3;9;Set
2025-09-02;181-360;Humano;211,0;111149,63;53,0;13116,769999999997;33,0;8758,09;15,0;2124,0299999999997;2;Q3;9;Set
2025-09-02;181-360;Robô;0,0;0,0;0,0;0,0;0,0;0,0;0,0;0,0;2;Q3;9;Set
2025-09-02;361-720;Humano;182,0;189579,51;36,0;18215,79;20,0;8937,09;9,0;1003,12;2;Q3;9;Set
2025-09-02;361-720;Robô;0,0;0,0;0,0;0,0;0,0;0,0;0,0;0,0;2;Q3;9;Set
2025-09-02;Maior 720;Humano;0,0;0,0;0,0;0,0;0,0;0,0;0,0;0,0;2;Q3;9;Set
2025-09-02;Maior 720;Robô;0,0;0,0;0,0;0,0;0,0;0,0;0,0;0,0;2;Q3;9;Set
2025-09-03;Preventivo;Humano;0,0;0,0;0,0;0,0;0,0;0,0;0,0;0,0;3;Q3;9;Set
2025-09-03;Preventivo;Robô;0,0;0,0;0,0;0,0;0,0;0,0;0,0;0,0;3;Q3;9;Set
2025-09-03;0-30;Humano;2,0;625,8000000000001;1,0;104,21000000000001;1,0;104,21000000000001;1,0;104,21000000000001;3;Q3;9;Set
2025-09-03;0-30;Robô;18,0;1268,9299999999998;13,0;839,0200000000001;10,0;696,58;5,0;293,23999999999995;3;Q3;9;Set
2025-09-03;31-60;Humano;0,0;0,0;0,0;0,0;0,0;0,0;0,0;0,0;3;Q3;9;Set
2025-09-03;31-60;Robô;2,0;216,06;2,0;216,06;2,0;216,06;0,0;0,0;3;Q3;9;Set
2025-09-03;61-90;Humano;0,0;0,0;0,0;0,0;0,0;0,0;0,0;0,0;3;Q3;9;Set
2025-09-03;61-90;Robô;0,0;0,0;0,0;0,0;0,0;0,0;0,0;0,0;3;Q3;9;Set
2025-09-03;91-120;Humano;0,0;0,0;0,0;0,0;0,0;0,0;0,0;0,0;3;Q3;9;Set
2025-09-03;91-120;Robô;11,0;17924,390000000003;2,0;843,4299999999998;2,0;843,4299999999998;0,0;0,0;3;Q3;9;Set
2025-09-03;121-150;Humano;16,0;4788,620000000001;6,0;739,06;5,0;737,1400000000001;1,0;159,8;3;Q3;9;Set
2025-09-03;121-150;Robô;20,0;18475,1;5,0;737,1400000000001;5,0;737,1400000000001;0,0;0,0;3;Q3;9;Set
2025-09-03;151-180;Humano;17,0;4928,31;4,0;380,46000000000004;4,0;380,46000000000004;3,0;315,48;3;Q3;9;Set
2025-09-03;151-180;Robô;16,0;11867,34;3,0;365,48;3,0;365,48;3,0;365,48;3;Q3;9;Set
2025-09-03;181-360;Humano;234,0;117008,53000000001;63,0;15131,609999999995;38,0;9599,909999999998;18,0;2747,2300000000005;3;Q3;9;Set
2025-09-03;181-360;Robô;0,0;0,0;0,0;0,0;0,0;0,0;0,0;0,0;3;Q3;9;Set
2025-09-03;361-720;Humano;289,0;303270,85;59,0;25641,4;42,0;16358,570000000002;18,0;3353,6400000000003;3;Q3;9;Set
2025-09-03;361-720;Robô;0,0;0,0;0,0;0,0;0,0;0,0;0,0;0,0;3;Q3;9;Set
2025-09-03;Maior 720;Humano;0,0;0,0;0,0;0,0;0,0;0,0;0,0;0,0;3;Q3;9;Set
2025-09-03;Maior 720;Robô;0,0;0,0;0,0;0,0;0,0;0,0;0,0;0,0;3;Q3;9;Set
2025-09-04;Preventivo;Humano;0,0;0,0;0,0;0,0;0,0;0,0;0,0;0,0;4;Q3;9;Set
2025-09-04;Preventivo;Robô;0,0;0,0;0,0;0,0;0,0;0,0;0,0;0,0;4;Q3;9;Set
2025-09-04;0-30;Humano;2,0;625,8000000000001;1,0;104,21000000000001;1,0;104,21000000000001;1,0;104,21000000000001;4;Q3;9;Set
2025-09-04;0-30;Robô;27,0;2525,85;21,0;1875,4600000000003;16,0;1566,5600000000002;8,0;995,74;4;Q3;9;Set
2025-09-04;31-60;Humano;0,0;0,0;0,0;0,0;0,0;0,0;0,0;0,0;4;Q3;9;Set
2025-09-04;31-60;Robô;4,0;296,8;4,0;296,8;2,0;216,06;0,0;0,0;4;Q3;9;Set
2025-09-04;61-90;Humano;0,0;0,0;0,0;0,0;0,0;0,0;0,0;0,0;4;Q3;9;Set
2025-09-04;61-90;Robô;0,0;0,0;0,0;0,0;0,0;0,0;0,0;0,0;4;Q3;9;Set
2025-09-04;91-120;Humano;0,0;0,0;0,0;0,0;0,0;0,0;0,0;0,0;4;Q3;9;Set
2025-09-04;91-120;Robô;112,0;78913,34;3,0;903,2299999999998;2,0;843,4299999999998;0,0;0,0;4;Q3;9;Set
2025-09-04;121-150;Humano;34,0;7549,33;11,0;1195,14;9,0;1113,3200000000002;4,0;376,18;4;Q3;9;Set
2025-09-04;121-150;Robô;55,0;31809,450000000004;10,0;1193,22;9,0;1113,3200000000002;3,0;216,38000000000002;4;Q3;9;Set
2025-09-04;151-180;Humano;27,0;8747,139999999998;7,0;751,24;6,0;591,44;5,0;526,46;4;Q3;9;Set
2025-09-04;151-180;Robô;43,0;29468,49;7,0;801,24;5,0;576,46;5,0;576,46;4;Q3;9;Set
2025-09-04;181-360;Humano;348,0;157507,6;90,0;20393,18;57,0;13580,909999999998;31,0;5373,380000000001;4;Q3;9;Set
2025-09-04;181-360;Robô;84,0;28001,089999999997;14,0;1123,23;9,0;887,6200000000001;6,0;614,42;4;Q3;9;Set
2025-09-04;361-720;Humano;420,0;361022,83999999997;109,0;43968,420000000006;85,0;31397,02;41,0;9754,220000000001;4;Q3;9;Set
2025-09-04;361-720;Robô;0,0;0,0;0,0;0,0;0,0;0,0;0,0;0,0;4;Q3;9;Set
2025-09-04;Maior 720;Humano;0,0;0,0;0,0;0,0;0,0;0,0;0,0;0,0;4;Q3;9;Set
2025-09-04;Maior 720;Robô;0,0;0,0;0,0;0,0;0,0;0,0;0,0;0,0;4;Q3;9;Set
2025-09-05;Preventivo;Humano;0,0;0,0;0,0;0,0;0,0;0,0;0,0;0,0;5;Q3;9;Set
2025-09-05;Preventivo;Robô;0,0;0,0;0,0;0,0;0,0;0,0;0,0;0,0;5;Q3;9;Set
2025-09-05;0-30;Humano;2,0;625,8000000000001;1,0;104,21000000000001;1,0;104,21000000000001;1,0;104,21000000000001;5;Q3;9;Set
2025-09-05;0-30;Robô;27,0;2525,85;21,0;1875,4600000000003;16,0;1566,5600000000002;8,0;995,74;5;Q3;9;Set
2025-09-05;31-60;Humano;0,0;0,0;0,0;0,0;0,0;0,0;0,0;0,0;5;Q3;9;Set
2025-09-05;31-60;Robô;4,0;296,8;4,0;296,8;2,0;216,06;0,0;0,0;5;Q3;9;Set
2025-09-05;61-90;Humano;0,0;0,0;0,0;0,0;0,0;0,0;0,0;0,0;5;Q3;9;Set
2025-09-05;61-90;Robô;0,0;0,0;0,0;0,0;0,0;0,0;0,0;0,0;5;Q3;9;Set
2025-09-05;91-120;Humano;0,0;0,0;0,0;0,0;0,0;0,0;0,0;0,0;5;Q3;9;Set
2025-09-05;91-120;Robô;112,0;78913,34;3,0;903,2299999999998;2,0;843,4299999999998;0,0;0,0;5;Q3;9;Set
2025-09-05;121-150;Humano;50,0;11566,16;16,0;1562,38;12,0;1358,91;7,0;559,91;5;Q3;9;Set
2025-09-05;121-150;Robô;69,0;35027,17999999999;14,0;1400,6600000000003;11,0;1199,1100000000001;6,0;400,10999999999996;5;Q3;9;Set
2025-09-05;151-180;Humano;27,0;8747,139999999998;7,0;751,24;6,0;591,44;5,0;526,46;5;Q3;9;Set
2025-09-05;151-180;Robô;43,0;29468,49;7,0;801,24;5,0;576,46;5,0;576,46;5;Q3;9;Set
2025-09-05;181-360;Humano;444,0;187158,58;121,0;27419,41;81,0;19521,92;44,0;8194,329999999998;5;Q3;9;Set
2025-09-05;181-360;Robô;201,0;63652,4;46,0;8756,419999999998;34,0;7558,48;19,0;3435,37;5;Q3;9;Set
2025-09-05;361-720;Humano;516,0;402081,83999999997;146,0;59035,590000000004;118,0;44575,11;52,0;12105,800000000001;5;Q3;9;Set
2025-09-05;361-720;Robô;0,0;0,0;0,0;0,0;0,0;0,0;0,0;0,0;5;Q3;9;Set
2025-09-05;Maior 720;Humano;0,0;0,0;0,0;0,0;0,0;0,0;0,0;0,0;5;Q3;9;Set
2025-09-05;Maior 720;Robô;0,0;0,0;0,0;0,0;0,0;0,0;0,0;0,0;5;Q3;9;Set
2025-09-09;Preventivo;Humano;0,0;0,0;0,0;0,0;0,0;0,0;0,0;0,0;7;Q3;9;Set
2025-09-09;Preventivo;Robô;0,0;0,0;0,0;0,0;0,0;0,0;0,0;0,0;7;Q3;9;Set
2025-09-09;0-30;Humano;2,0;625,8000000000001;1,0;104,21000000000001;1,0;104,21000000000001;1,0;104,21000000000001;7;Q3;9;Set
2025-09-09;0-30;Robô;27,0;2525,85;21,0;1875,4600000000003;16,0;1566,5600000000002;8,0;995,74;7;Q3;9;Set
2025-09-09;31-60;Humano;0,0;0,0;0,0;0,0;0,0;0,0;0,0;0,0;7;Q3;9;Set
2025-09-09;31-60;Robô;4,0;296,8;4,0;296,8;2,0;216,06;0,0;0,0;7;Q3;9;Set
2025-09-09;61-90;Humano;0,0;0,0;0,0;0,0;0,0;0,0;0,0;0,0;7;Q3;9;Set
2025-09-09;61-90;Robô;0,0;0,0;0,0;0,0;0,0;0,0;0,0;0,0;7;Q3;9;Set
2025-09-09;91-120;Humano;0,0;0,0;0,0;0,0;0,0;0,0;0,0;0,0;7;Q3;9;Set
2025-09-09;91-120;Robô;112,0;78913,34;3,0;903,2299999999998;2,0;843,4299999999998;0,0;0,0;7;Q3;9;Set
2025-09-09;121-150;Humano;58,0;12124,0;18,0;1666,2500000000002;14,0;1462,7800000000002;8,0;583,8800000000001;7;Q3;9;Set
2025-09-09;121-150;Robô;78,0;37101,200000000004;15,0;1424,6300000000003;12,0;1223,0800000000002;7,0;424,0799999999999;7;Q3;9;Set
2025-09-09;151-180;Humano;32,0;11160,54;8,0;791,4000000000001;7,0;631,6000000000001;6,0;566,6200000000001;7;Q3;9;Set
2025-09-09;151-180;Robô;50,0;35402,93;8,0;841,4000000000001;6,0;616,6200000000001;6,0;616,6200000000001;7;Q3;9;Set
2025-09-09;181-360;Humano;498,0;216490,52;131,0;30031,79;90,0;22049,249999999996;48,0;8585,140000000001;7;Q3;9;Set
2025-09-09;181-360;Robô;293,0;150957,96999999997;54,0;11469,689999999997;42,0;10271,75;24,0;4295,889999999999;7;Q3;9;Set
2025-09-09;361-720;Humano;645,0;515643,92000000004;181,0;70671,45000000001;146,0;53825,8;66,0;14485,83;7;Q3;9;Set
2025-09-09;361-720;Robô;0,0;0,0;0,0;0,0;0,0;0,0;0,0;0,0;7;Q3;9;Set
2025-09-09;Maior 720;Humano;0,0;0,0;0,0;0,0;0,0;0,0;0,0;0,0;7;Q3;9;Set
2025-09-09;Maior 720;Robô;0,0;0,0;0,0;0,0;0,0;0,0;0,0;0,0;7;Q3;9;Set
2025-09-10;Preventivo;Humano;0,0;0,0;0,0;0,0;0,0;0,0;0,0;0,0;8;Q3;9;Set
2025-09-10;Preventivo;Robô;0,0;0,0;0,0;0,0;0,0;0,0;0,0;0,0;8;Q3;9;Set
2025-09-10;0-30;Humano;2,0;625,8000000000001;1,0;104,21000000000001;1,0;104,21000000000001;1,0;104,21000000000001;8;Q3;9;Set
2025-09-10;0-30;Robô;27,0;2525,85;21,0;1875,4600000000003;16,0;1566,5600000000002;8,0;995,74;8;Q3;9;Set
2025-09-10;31-60;Humano;0,0;0,0;0,0;0,0;0,0;0,0;0,0;0,0;8;Q3;9;Set
2025-09-10;31-60;Robô;4,0;296,8;4,0;296,8;2,0;216,06;0,0;0,0;8;Q3;9;Set
2025-09-10;61-90;Humano;0,0;0,0;0,0;0,0;0,0;0,0;0,0;0,0;8;Q3;9;Set
2025-09-10;61-90;Robô;0,0;0,0;0,0;0,0;0,0;0,0;0,0;0,0;8;Q3;9;Set
2025-09-10;91-120;Humano;0,0;0,0;0,0;0,0;0,0;0,0;0,0;0,0;8;Q3;9;Set
2025-09-10;91-120;Robô;112,0;78913,34;3,0;903,2299999999998;2,0;843,4299999999998;0,0;0,0;8;Q3;9;Set
2025-09-10;121-150;Humano;58,0;12124,0;18,0;1666,2500000000002;14,0;1462,7800000000002;8,0;583,8800000000001;8;Q3;9;Set
2025-09-10;121-150;Robô;115,0;64275,46;16,0;1737,8899999999999;12,0;1223,0800000000002;7,0;424,0799999999999;8;Q3;9;Set
2025-09-10;151-180;Humano;32,0;11160,54;8,0;791,4000000000001;7,0;631,6000000000001;6,0;566,6200000000001;8;Q3;9;Set
2025-09-10;151-180;Robô;55,0;37811,26;9,0;901,2;7,0;676,4200000000001;7,0;676,4200000000001;8;Q3;9;Set
2025-09-10;181-360;Humano;498,0;216490,52;131,0;30031,79;90,0;22049,249999999996;48,0;8585,140000000001;8;Q3;9;Set
2025-09-10;181-360;Robô;331,0;180685,37;55,0;11841,779999999999;43,0;10643,84;24,0;4295,889999999999;8;Q3;9;Set
2025-09-10;361-720;Humano;774,0;589840,45;223,0;91781,11000000002;178,0;69102,22;80,0;18101,79;8;Q3;9;Set
2025-09-10;361-720;Robô;0,0;0,0;0,0;0,0;0,0;0,0;0,0;0,0;8;Q3;9;Set
2025-09-10;Maior 720;Humano;52,0;19587,6;16,0;4783,02;10,0;2821,25;2,0;80,05;8;Q3;9;Set
2025-09-10;Maior 720;Robô;0,0;0,0;0,0;0,0;0,0;0,0;0,0;0,0;8;Q3;9;Set
2025-09-11;Preventivo;Humano;0,0;0,0;0,0;0,0;0,0;0,0;0,0;0,0;9;Q3;9;Set
2025-09-11;Preventivo;Robô;0,0;0,0;0,0;0,0;0,0;0,0;0,0;0,0;9;Q3;9;Set
2025-09-11;0-30;Humano;2,0;625,8000000000001;1,0;104,21000000000001;1,0;104,21000000000001;1,0;104,21000000000001;9;Q3;9;Set
2025-09-11;0-30;Robô;27,0;2525,85;21,0;1875,4600000000003;16,0;1566,5600000000002;8,0;995,74;9;Q3;9;Set
2025-09-11;31-60;Humano;0,0;0,0;0,0;0,0;0,0;0,0;0,0;0,0;9;Q3;9;Set
2025-09-11;31-60;Robô;9,0;744,32;6,0;327,58;3,0;245,96;0,0;0,0;9;Q3;9;Set
2025-09-11;61-90;Humano;0,0;0,0;0,0;0,0;0,0;0,0;0,0;0,0;9;Q3;9;Set
2025-09-11;61-90;Robô;0,0;0,0;0,0;0,0;0,0;0,0;0,0;0,0;9;Q3;9;Set
2025-09-11;91-120;Humano;0,0;0,0;0,0;0,0;0,0;0,0;0,0;0,0;9;Q3;9;Set
2025-09-11;91-120;Robô;120,0;82257,78;3,0;903,2299999999998;2,0;843,4299999999998;0,0;0,0;9;Q3;9;Set
2025-09-11;121-150;Humano;58,0;12124,0;18,0;1666,2500000000002;14,0;1462,7800000000002;8,0;583,8800000000001;9;Q3;9;Set
2025-09-11;121-150;Robô;125,0;69095,15999999999;17,0;1758,8200000000002;13,0;1244,0100000000002;7,0;424,0799999999999;9;Q3;9;Set
2025-09-11;151-180;Humano;32,0;11160,54;8,0;791,4000000000001;7,0;631,6000000000001;6,0;566,6200000000001;9;Q3;9;Set
2025-09-11;151-180;Robô;56,0;38154,42;9,0;901,2;7,0;676,4200000000001;7,0;676,4200000000001;9;Q3;9;Set
2025-09-11;181-360;Humano;498,0;216490,52;131,0;30031,79;90,0;22049,249999999996;48,0;8585,140000000001;9;Q3;9;Set
2025-09-11;181-360;Robô;357,0;190441,89;55,0;11841,779999999999;43,0;10643,84;24,0;4295,889999999999;9;Q3;9;Set
2025-09-11;361-720;Humano;873,0;646871,81;261,0;114015,09;205,0;86884,67000000001;91,0;23321,43;9;Q3;9;Set
2025-09-11;361-720;Robô;0,0;0,0;0,0;0,0;0,0;0,0;0,0;0,0;9;Q3;9;Set
2025-09-11;Maior 720;Humano;62,0;27969,54;20,0;6690,7;13,0;4237,240000000001;3,0;571,74;9;Q3;9;Set
2025-09-11;Maior 720;Robô;0,0;0,0;0,0;0,0;0,0;0,0;0,0;0,0;9;Q3;9;Set
2025-09-12;Preventivo;Humano;0,0;0,0;0,0;0,0;0,0;0,0;0,0;0,0;10;Q3;9;Set
2025-09-12;Preventivo;Robô;0,0;0,0;0,0;0,0;0,0;0,0;0,0;0,0;10;Q3;9;Set
2025-09-12;0-30;Humano;2,0;625,8000000000001;1,0;104,21000000000001;1,0;104,21000000000001;1,0;104,21000000000001;10;Q3;9;Set
2025-09-12;0-30;Robô;27,0;2525,85;21,0;1875,4600000000003;16,0;1566,5600000000002;8,0;995,74;10;Q3;9;Set
2025-09-12;31-60;Humano;0,0;0,0;0,0;0,0;0,0;0,0;0,0;0,0;10;Q3;9;Set
2025-09-12;31-60;Robô;18,0;1860,82;14,0;1364,18;6,0;1033,06;1,0;159,8;10;Q3;9;Set
2025-09-12;61-90;Humano;0,0;0,0;0,0;0,0;0,0;0,0;0,0;0,0;10;Q3;9;Set
2025-09-12;61-90;Robô;0,0;0,0;0,0;0,0;0,0;0,0;0,0;0,0;10;Q3;9;Set
2025-09-12;91-120;Humano;0,0;0,0;0,0;0,0;0,0;0,0;0,0;0,0;10;Q3;9;Set
2025-09-12;91-120;Robô;121,0;82315,98999999999;4,0;961,4399999999998;3,0;901,6399999999999;1,0;58,21;10;Q3;9;Set
2025-09-12;121-150;Humano;58,0;12124,0;18,0;1666,2500000000002;14,0;1462,7800000000002;8,0;583,8800000000001;10;Q3;9;Set
2025-09-12;121-150;Robô;128,0;71079,29000000001;18,0;1785,4500000000003;14,0;1270,64;8,0;450,71000000000004;10;Q3;9;Set
2025-09-12;151-180;Humano;32,0;11160,54;8,0;791,4000000000001;7,0;631,6000000000001;6,0;566,6200000000001;10;Q3;9;Set
2025-09-12;151-180;Robô;57,0;39456,009999999995;9,0;901,2;7,0;676,4200000000001;7,0;676,4200000000001;10;Q3;9;Set
2025-09-12;181-360;Humano;498,0;216490,52;131,0;30031,79;90,0;22049,249999999996;48,0;8585,140000000001;10;Q3;9;Set
2025-09-12;181-360;Robô;369,0;207348,78;55,0;11841,779999999999;43,0;10643,84;24,0;4295,889999999999;10;Q3;9;Set
2025-09-12;361-720;Humano;1002,0;760122,32;300,0;134864,11000000002;236,0;104734,67000000001;111,0;30490,550000000003;10;Q3;9;Set
2025-09-12;361-720;Robô;0,0;0,0;0,0;0,0;0,0;0,0;0,0;0,0;10;Q3;9;Set
2025-09-12;Maior 720;Humano;88,0;44622,42;28,0;8938,010000000002;20,0;5987,880000000001;8,0;1339,99;10;Q3;9;Set
2025-09-12;Maior 720;Robô;0,0;0,0;0,0;0,0;0,0;0,0;0,0;0,0;10;Q3;9;Set
2025-09-13;Preventivo;Humano;0,0;0,0;0,0;0,0;0,0;0,0;0,0;0,0;10;Q3;9;Set
2025-09-13;Preventivo;Robô;0,0;0,0;0,0;0,0;0,0;0,0;0,0;0,0;10;Q3;9;Set
2025-09-13;0-30;Humano;2,0;625,8000000000001;1,0;104,21000000000001;1,0;104,21000000000001;1,0;104,21000000000001;10;Q3;9;Set
2025-09-13;0-30;Robô;27,0;2525,85;21,0;1875,4600000000003;16,0;1566,5600000000002;8,0;995,74;10;Q3;9;Set
2025-09-13;31-60;Humano;0,0;0,0;0,0;0,0;0,0;0,0;0,0;0,0;10;Q3;9;Set
2025-09-13;31-60;Robô;19,0;1940,72;15,0;1444,0800000000002;7,0;1112,96;1,0;159,8;10;Q3;9;Set
2025-09-13;61-90;Humano;0,0;0,0;0,0;0,0;0,0;0,0;0,0;0,0;10;Q3;9;Set
2025-09-13;61-90;Robô;0,0;0,0;0,0;0,0;0,0;0,0;0,0;0,0;10;Q3;9;Set
2025-09-13;91-120;Humano;0,0;0,0;0,0;0,0;0,0;0,0;0,0;0,0;10;Q3;9;Set
2025-09-13;91-120;Robô;121,0;82315,98999999999;4,0;961,4399999999998;3,0;901,6399999999999;1,0;58,21;10;Q3;9;Set
2025-09-13;121-150;Humano;58,0;12124,0;18,0;1666,2500000000002;14,0;1462,7800000000002;8,0;583,8800000000001;10;Q3;9;Set
2025-09-13;121-150;Robô;128,0;71079,29000000001;18,0;1785,4500000000003;14,0;1270,64;8,0;450,71000000000004;10;Q3;9;Set
2025-09-13;151-180;Humano;32,0;11160,54;8,0;791,4000000000001;7,0;631,6000000000001;6,0;566,6200000000001;10;Q3;9;Set
2025-09-13;151-180;Robô;57,0;39456,009999999995;9,0;901,2;7,0;676,4200000000001;7,0;676,4200000000001;10;Q3;9;Set
2025-09-13;181-360;Humano;498,0;216490,52;131,0;30031,79;90,0;22049,249999999996;48,0;8585,140000000001;10;Q3;9;Set
2025-09-13;181-360;Robô;369,0;207348,78;55,0;11841,779999999999;43,0;10643,84;24,0;4295,889999999999;10;Q3;9;Set
2025-09-13;361-720;Humano;1023,0;772756,75;309,0;140933,68;242,0;107526,30000000002;113,0;31296,910000000003;10;Q3;9;Set
2025-09-13;361-720;Robô;0,0;0,0;0,0;0,0;0,0;0,0;0,0;0,0;10;Q3;9;Set
2025-09-13;Maior 720;Humano;88,0;44622,42;28,0;8938,010000000002;20,0;5987,880000000001;8,0;1339,99;10;Q3;9;Set
2025-09-13;Maior 720;Robô;0,0;0,0;0,0;0,0;0,0;0,0;0,0;0,0;10;Q3;9;Set
2025-09-15;Preventivo;Humano;1,0;29,9;1,0;29,9;0,0;0,0;0,0;0,0;11;Q3;9;Set
2025-09-15;Preventivo;Robô;0,0;0,0;0,0;0,0;0,0;0,0;0,0;0,0;11;Q3;9;Set
2025-09-15;0-30;Humano;2,0;625,8000000000001;1,0;104,21000000000001;1,0;104,21000000000001;1,0;104,21000000000001;11;Q3;9;Set
2025-09-15;0-30;Robô;27,0;2525,85;21,0;1875,4600000000003;16,0;1566,5600000000002;8,0;995,74;11;Q3;9;Set
2025-09-15;31-60;Humano;0,0;0,0;0,0;0,0;0,0;0,0;0,0;0,0;11;Q3;9;Set
2025-09-15;31-60;Robô;24,0;2450,07;19,0;1873,53;9,0;1512,46;1,0;159,8;11;Q3;9;Set
2025-09-15;61-90;Humano;0,0;0,0;0,0;0,0;0,0;0,0;0,0;0,0;11;Q3;9;Set
2025-09-15;61-90;Robô;0,0;0,0;0,0;0,0;0,0;0,0;0,0;0,0;11;Q3;9;Set
2025-09-15;91-120;Humano;0,0;0,0;0,0;0,0;0,0;0,0;0,0;0,0;11;Q3;9;Set
2025-09-15;91-120;Robô;123,0;83525,62999999999;5,0;991,3399999999998;3,0;901,6399999999999;1,0;58,21;11;Q3;9;Set
2025-09-15;121-150;Humano;58,0;12124,0;18,0;1666,2500000000002;14,0;1462,7800000000002;8,0;583,8800000000001;11;Q3;9;Set
2025-09-15;121-150;Robô;136,0;82792,12000000001;19,0;1921,2800000000002;14,0;1270,64;8,0;450,71000000000004;11;Q3;9;Set
2025-09-15;151-180;Humano;32,0;11160,54;8,0;791,4000000000001;7,0;631,6000000000001;6,0;566,6200000000001;11;Q3;9;Set
2025-09-15;151-180;Robô;57,0;39456,009999999995;9,0;901,2;7,0;676,4200000000001;7,0;676,4200000000001;11;Q3;9;Set
2025-09-15;181-360;Humano;498,0;216490,52;131,0;30031,79;90,0;22049,249999999996;48,0;8585,140000000001;11;Q3;9;Set
2025-09-15;181-360;Robô;369,0;207348,78;55,0;11841,779999999999;43,0;10643,84;24,0;4295,889999999999;11;Q3;9;Set
2025-09-15;361-720;Humano;1119,0;835924,79;345,0;160253,81;274,0;124072,41;128,0;38488,490000000005;11;Q3;9;Set
2025-09-15;361-720;Robô;0,0;0,0;0,0;0,0;0,0;0,0;0,0;0,0;11;Q3;9;Set
2025-09-15;Maior 720;Humano;89,0;45798,0;28,0;8938,010000000002;20,0;5987,880000000001;8,0;1339,99;11;Q3;9;Set
2025-09-15;Maior 720;Robô;0,0;0,0;0,0;0,0;0,0;0,0;0,0;0,0;11;Q3;9;Set
2025-09-16;Preventivo;Humano;12,0;799,4100000000001;12,0;799,4100000000001;0,0;0,0;0,0;0,0;12;Q3;9;Set
2025-09-16;Preventivo;Robô;0,0;0,0;0,0;0,0;0,0;0,0;0,0;0,0;12;Q3;9;Set
2025-09-16;0-30;Humano;5,0;765,5;4,0;243,91000000000003;1,0;104,21000000000001;1,0;104,21000000000001;12;Q3;9;Set
2025-09-16;0-30;Robô;31,0;2999,78;24,0;2189,59;19,0;1880,69;10,0;1229,97;12;Q3;9;Set
2025-09-16;31-60;Humano;1,0;53,959999999999994;1,0;53,959999999999994;0,0;0,0;0,0;0,0;12;Q3;9;Set
2025-09-16;31-60;Robô;25,0;2506,77;20,0;1930,2300000000002;10,0;1569,16;2,0;216,5;12;Q3;9;Set
2025-09-16;61-90;Humano;0,0;0,0;0,0;0,0;0,0;0,0;0,0;0,0;12;Q3;9;Set
2025-09-16;61-90;Robô;0,0;0,0;0,0;0,0;0,0;0,0;0,0;0,0;12;Q3;9;Set
2025-09-16;91-120;Humano;0,0;0,0;0,0;0,0;0,0;0,0;0,0;0,0;12;Q3;9;Set
2025-09-16;91-120;Robô;123,0;83525,62999999999;5,0;991,3399999999998;3,0;901,6399999999999;1,0;58,21;12;Q3;9;Set
2025-09-16;121-150;Humano;58,0;12124,0;18,0;1666,2500000000002;14,0;1462,7800000000002;8,0;583,8800000000001;12;Q3;9;Set
2025-09-16;121-150;Robô;137,0;82851,92000000001;20,0;1981,0800000000002;14,0;1270,64;8,0;450,71000000000004;12;Q3;9;Set
2025-09-16;151-180;Humano;32,0;11160,54;8,0;791,4000000000001;7,0;631,6000000000001;6,0;566,6200000000001;12;Q3;9;Set
2025-09-16;151-180;Robô;59,0;41408,11;9,0;901,2;7,0;676,4200000000001;7,0;676,4200000000001;12;Q3;9;Set
2025-09-16;181-360;Humano;498,0;216490,52;131,0;30031,79;90,0;22049,249999999996;48,0;8585,140000000001;12;Q3;9;Set
2025-09-16;181-360;Robô;369,0;207348,78;55,0;11841,779999999999;43,0;10643,84;24,0;4295,889999999999;12;Q3;9;Set
2025-09-16;361-720;Humano;1196,0;876606,5800000001;377,0;175688,08000000002;300,0;137901,56;136,0;39873,62;12;Q3;9;Set
2025-09-16;361-720;Robô;0,0;0,0;0,0;0,0;0,0;0,0;0,0;0,0;12;Q3;9;Set
2025-09-16;Maior 720;Humano;104,0;50396,47;33,0;9612,62;21,0;6047,680000000001;9,0;1399,79;12;Q3;9;Set
2025-09-16;Maior 720;Robô;0,0;0,0;0,0;0,0;0,0;0,0;0,0;0,0;12;Q3;9;Set
2025-09-17;Preventivo;Humano;12,0;799,4100000000001;12,0;799,4100000000001;0,0;0,0;0,0;0,0;13;Q3;9;Set
2025-09-17;Preventivo;Robô;0,0;0,0;0,0;0,0;0,0;0,0;0,0;0,0;13;Q3;9;Set
2025-09-17;0-30;Humano;6,0;817,04;5,0;295,45;2,0;155,75;2,0;155,75;13;Q3;9;Set
2025-09-17;0-30;Robô;35,0;3261,12;26,0;2291,13;20,0;1960,5900000000001;11,0;1309,8700000000001;13;Q3;9;Set
2025-09-17;31-60;Humano;1,0;53,959999999999994;1,0;53,959999999999994;0,0;0,0;0,0;0,0;13;Q3;9;Set
2025-09-17;31-60;Robô;28,0;2906,27;23,0;2329,73;12,0;1888,7600000000002;3,0;456,2;13;Q3;9;Set
2025-09-17;61-90;Humano;0,0;0,0;0,0;0,0;0,0;0,0;0,0;0,0;13;Q3;9;Set
2025-09-17;61-90;Robô;0,0;0,0;0,0;0,0;0,0;0,0;0,0;0,0;13;Q3;9;Set
2025-09-17;91-120;Humano;0,0;0,0;0,0;0,0;0,0;0,0;0,0;0,0;13;Q3;9;Set
2025-09-17;91-120;Robô;124,0;83585,43;6,0;1051,1399999999999;3,0;901,6399999999999;1,0;58,21;13;Q3;9;Set
2025-09-17;121-150;Humano;58,0;12124,0;18,0;1666,2500000000002;14,0;1462,7800000000002;8,0;583,8800000000001;13;Q3;9;Set
2025-09-17;121-150;Robô;137,0;82851,92000000001;20,0;1981,0800000000002;14,0;1270,64;8,0;450,71000000000004;13;Q3;9;Set
2025-09-17;151-180;Humano;32,0;11160,54;8,0;791,4000000000001;7,0;631,6000000000001;6,0;566,6200000000001;13;Q3;9;Set
2025-09-17;151-180;Robô;59,0;41408,11;9,0;901,2;7,0;676,4200000000001;7,0;676,4200000000001;13;Q3;9;Set
2025-09-17;181-360;Humano;498,0;216490,52;131,0;30031,79;90,0;22049,249999999996;48,0;8585,140000000001;13;Q3;9;Set
2025-09-17;181-360;Robô;369,0;207348,78;55,0;11841,779999999999;43,0;10643,84;24,0;4295,889999999999;13;Q3;9;Set
2025-09-17;361-720;Humano;1259,0;917610,58;405,0;192031,81;320,0;147355,52000000002;140,0;40774,13;13;Q3;9;Set
2025-09-17;361-720;Robô;0,0;0,0;0,0;0,0;0,0;0,0;0,0;0,0;13;Q3;9;Set
2025-09-17;Maior 720;Humano;122,0;55160,31999999999;39,0;11440,620000000003;25,0;7820,129999999999;11,0;2191,8000000000006;13;Q3;9;Set
2025-09-17;Maior 720;Robô;0,0;0,0;0,0;0,0;0,0;0,0;0,0;0,0;13;Q3;9;Set
2025-09-18;Preventivo;Humano;16,0;1085,9499999999998;13,0;879,31;0,0;0,0;0,0;0,0;14;Q3;9;Set
2025-09-18;Preventivo;Robô;0,0;0,0;0,0;0,0;0,0;0,0;0,0;0,0;14;Q3;9;Set
2025-09-18;0-30;Humano;6,0;817,04;5,0;295,45;2,0;155,75;2,0;155,75;14;Q3;9;Set
2025-09-18;0-30;Robô;36,0;3341,02;27,0;2371,0299999999997;20,0;1960,5900000000001;11,0;1309,8700000000001;14;Q3;9;Set
2025-09-18;31-60;Humano;1,0;53,959999999999994;1,0;53,959999999999994;0,0;0,0;0,0;0,0;14;Q3;9;Set
2025-09-18;31-60;Robô;31,0;3750,24;25,0;3171,3499999999995;14,0;2730,3799999999997;3,0;456,2;14;Q3;9;Set
2025-09-18;61-90;Humano;0,0;0,0;0,0;0,0;0,0;0,0;0,0;0,0;14;Q3;9;Set
2025-09-18;61-90;Robô;0,0;0,0;0,0;0,0;0,0;0,0;0,0;0,0;14;Q3;9;Set
2025-09-18;91-120;Humano;0,0;0,0;0,0;0,0;0,0;0,0;0,0;0,0;14;Q3;9;Set
2025-09-18;91-120;Robô;126,0;83765,84999999998;7,0;1201,6599999999999;3,0;901,6399999999999;1,0;58,21;14;Q3;9;Set
2025-09-18;121-150;Humano;58,0;12124,0;18,0;1666,2500000000002;14,0;1462,7800000000002;8,0;583,8800000000001;14;Q3;9;Set
2025-09-18;121-150;Robô;138,0;83032,15;21,0;2161,31;15,0;1450,8700000000003;8,0;450,71000000000004;14;Q3;9;Set
2025-09-18;151-180;Humano;32,0;11160,54;8,0;791,4000000000001;7,0;631,6000000000001;6,0;566,6200000000001;14;Q3;9;Set
2025-09-18;151-180;Robô;59,0;41408,11;9,0;901,2;7,0;676,4200000000001;7,0;676,4200000000001;14;Q3;9;Set
2025-09-18;181-360;Humano;498,0;216490,52;131,0;30031,79;90,0;22049,249999999996;48,0;8585,140000000001;14;Q3;9;Set
2025-09-18;181-360;Robô;369,0;207348,78;55,0;11841,779999999999;43,0;10643,84;24,0;4295,889999999999;14;Q3;9;Set
2025-09-18;361-720;Humano;1297,0;938760,55;427,0;202833,58000000002;340,0;157331,68000000002;149,0;43171,729999999996;14;Q3;9;Set
2025-09-18;361-720;Robô;0,0;0,0;0,0;0,0;0,0;0,0;0,0;0,0;14;Q3;9;Set
2025-09-18;Maior 720;Humano;126,0;56536,68999999999;41,0;12672,43;26,0;8332,74;11,0;2191,8000000000006;14;Q3;9;Set
2025-09-18;Maior 720;Robô;0,0;0,0;0,0;0,0;0,0;0,0;0,0;0,0;14;Q3;9;Set
2025-09-19;Preventivo;Humano;16,0;1085,9499999999998;13,0;879,31;0,0;0,0;0,0;0,0;15;Q3;9;Set
2025-09-19;Preventivo;Robô;0,0;0,0;0,0;0,0;0,0;0,0;0,0;0,0;15;Q3;9;Set
2025-09-19;0-30;Humano;6,0;817,04;5,0;295,45;2,0;155,75;2,0;155,75;15;Q3;9;Set
2025-09-19;0-30;Robô;36,0;3341,02;27,0;2371,0299999999997;20,0;1960,5900000000001;11,0;1309,8700000000001;15;Q3;9;Set
2025-09-19;31-60;Humano;1,0;53,959999999999994;1,0;53,959999999999994;0,0;0,0;0,0;0,0;15;Q3;9;Set
2025-09-19;31-60;Robô;31,0;3750,24;25,0;3171,3499999999995;14,0;2730,3799999999997;3,0;456,2;15;Q3;9;Set
2025-09-19;61-90;Humano;0,0;0,0;0,0;0,0;0,0;0,0;0,0;0,0;15;Q3;9;Set
2025-09-19;61-90;Robô;0,0;0,0;0,0;0,0;0,0;0,0;0,0;0,0;15;Q3;9;Set
2025-09-19;91-120;Humano;0,0;0,0;0,0;0,0;0,0;0,0;0,0;0,0;15;Q3;9;Set
2025-09-19;91-120;Robô;126,0;83765,84999999998;7,0;1201,6599999999999;3,0;901,6399999999999;1,0;58,21;15;Q3;9;Set
2025-09-19;121-150;Humano;58,0;12124,0;18,0;1666,2500000000002;14,0;1462,7800000000002;8,0;583,8800000000001;15;Q3;9;Set
2025-09-19;121-150;Robô;138,0;83032,15;21,0;2161,31;15,0;1450,8700000000003;8,0;450,71000000000004;15;Q3;9;Set
2025-09-19;151-180;Humano;32,0;11160,54;8,0;791,4000000000001;7,0;631,6000000000001;6,0;566,6200000000001;15;Q3;9;Set
2025-09-19;151-180;Robô;59,0;41408,11;9,0;901,2;7,0;676,4200000000001;7,0;676,4200000000001;15;Q3;9;Set
2025-09-19;181-360;Humano;499,0;217289,62;131,0;30031,79;90,0;22049,249999999996;48,0;8585,140000000001;15;Q3;9;Set
2025-09-19;181-360;Robô;369,0;207348,78;55,0;11841,779999999999;43,0;10643,84;24,0;4295,889999999999;15;Q3;9;Set
2025-09-19;361-720;Humano;1320,0;952044,3;442,0;209161,69;351,0;162551,49000000002;160,0;47752,240000000005;15;Q3;9;Set
2025-09-19;361-720;Robô;0,0;0,0;0,0;0,0;0,0;0,0;0,0;0,0;15;Q3;9;Set
2025-09-19;Maior 720;Humano;132,0;59048,17;43,0;14011,130000000001;28,0;9671,439999999999;11,0;2191,8000000000006;15;Q3;9;Set
2025-09-19;Maior 720;Robô;0,0;0,0;0,0;0,0;0,0;0,0;0,0;0,0;15;Q3;9;Set
2025-09-20;Preventivo;Humano;16,0;1085,9499999999998;13,0;879,31;0,0;0,0;0,0;0,0;15;Q3;9;Set
2025-09-20;Preventivo;Robô;0,0;0,0;0,0;0,0;0,0;0,0;0,0;0,0;15;Q3;9;Set
2025-09-20;0-30;Humano;6,0;817,04;5,0;295,45;2,0;155,75;2,0;155,75;15;Q3;9;Set
2025-09-20;0-30;Robô;36,0;3341,02;27,0;2371,0299999999997;20,0;1960,5900000000001;11,0;1309,8700000000001;15;Q3;9;Set
2025-09-20;31-60;Humano;1,0;53,959999999999994;1,0;53,959999999999994;0,0;0,0;0,0;0,0;15;Q3;9;Set
2025-09-20;31-60;Robô;31,0;3750,24;25,0;3171,3499999999995;14,0;2730,3799999999997;3,0;456,2;15;Q3;9;Set
2025-09-20;61-90;Humano;0,0;0,0;0,0;0,0;0,0;0,0;0,0;0,0;15;Q3;9;Set
2025-09-20;61-90;Robô;0,0;0,0;0,0;0,0;0,0;0,0;0,0;0,0;15;Q3;9;Set
2025-09-20;91-120;Humano;0,0;0,0;0,0;0,0;0,0;0,0;0,0;0,0;15;Q3;9;Set
2025-09-20;91-120;Robô;126,0;83765,84999999998;7,0;1201,6599999999999;3,0;901,6399999999999;1,0;58,21;15;Q3;9;Set
2025-09-20;121-150;Humano;58,0;12124,0;18,0;1666,2500000000002;14,0;1462,7800000000002;8,0;583,8800000000001;15;Q3;9;Set
2025-09-20;121-150;Robô;138,0;83032,15;21,0;2161,31;15,0;1450,8700000000003;8,0;450,71000000000004;15;Q3;9;Set
2025-09-20;151-180;Humano;32,0;11160,54;8,0;791,4000000000001;7,0;631,6000000000001;6,0;566,6200000000001;15;Q3;9;Set
2025-09-20;151-180;Robô;59,0;41408,11;9,0;901,2;7,0;676,4200000000001;7,0;676,4200000000001;15;Q3;9;Set
2025-09-20;181-360;Humano;499,0;217289,62;131,0;30031,79;90,0;22049,249999999996;48,0;8585,140000000001;15;Q3;9;Set
2025-09-20;181-360;Robô;369,0;207348,78;55,0;11841,779999999999;43,0;10643,84;24,0;4295,889999999999;15;Q3;9;Set
2025-09-20;361-720;Humano;1340,0;964441,7000000001;451,0;213796,2;358,0;166311,87000000002;163,0;48770,94;15;Q3;9;Set
2025-09-20;361-720;Robô;0,0;0,0;0,0;0,0;0,0;0,0;0,0;0,0;15;Q3;9;Set
2025-09-20;Maior 720;Humano;132,0;59048,17;43,0;14011,130000000001;28,0;9671,439999999999;11,0;2191,8000000000006;15;Q3;9;Set
2025-09-20;Maior 720;Robô;0,0;0,0;0,0;0,0;0,0;0,0;0,0;0,0;15;Q3;9;Set
2025-09-22;Preventivo;Humano;21,0;1309,99;18,0;1103,35;0,0;0,0;0,0;0,0;16;Q3;9;Set
2025-09-22;Preventivo;Robô;0,0;0,0;0,0;0,0;0,0;0,0;0,0;0,0;16;Q3;9;Set
2025-09-22;0-30;Humano;6,0;817,04;5,0;295,45;2,0;155,75;2,0;155,75;16;Q3;9;Set
2025-09-22;0-30;Robô;36,0;3341,02;27,0;2371,0299999999997;20,0;1960,5900000000001;11,0;1309,8700000000001;16;Q3;9;Set
2025-09-22;31-60;Humano;1,0;53,959999999999994;1,0;53,959999999999994;0,0;0,0;0,0;0,0;16;Q3;9;Set
2025-09-22;31-60;Robô;31,0;3750,24;25,0;3171,3499999999995;14,0;2730,3799999999997;3,0;456,2;16;Q3;9;Set
2025-09-22;61-90;Humano;0,0;0,0;0,0;0,0;0,0;0,0;0,0;0,0;16;Q3;9;Set
2025-09-22;61-90;Robô;0,0;0,0;0,0;0,0;0,0;0,0;0,0;0,0;16;Q3;9;Set
2025-09-22;91-120;Humano;0,0;0,0;0,0;0,0;0,0;0,0;0,0;0,0;16;Q3;9;Set
2025-09-22;91-120;Robô;126,0;83765,84999999998;7,0;1201,6599999999999;3,0;901,6399999999999;1,0;58,21;16;Q3;9;Set
2025-09-22;121-150;Humano;58,0;12124,0;18,0;1666,2500000000002;14,0;1462,7800000000002;8,0;583,8800000000001;16;Q3;9;Set
2025-09-22;121-150;Robô;138,0;83032,15;21,0;2161,31;15,0;1450,8700000000003;8,0;450,71000000000004;16;Q3;9;Set
2025-09-22;151-180;Humano;32,0;11160,54;8,0;791,4000000000001;7,0;631,6000000000001;6,0;566,6200000000001;16;Q3;9;Set
2025-09-22;151-180;Robô;59,0;41408,11;9,0;901,2;7,0;676,4200000000001;7,0;676,4200000000001;16;Q3;9;Set
2025-09-22;181-360;Humano;499,0;217289,62;131,0;30031,79;90,0;22049,249999999996;48,0;8585,140000000001;16;Q3;9;Set
2025-09-22;181-360;Robô;369,0;207348,78;55,0;11841,779999999999;43,0;10643,84;24,0;4295,889999999999;16;Q3;9;Set
2025-09-22;361-720;Humano;1387,0;993527,1700000002;466,0;223102,57;369,0;172160,96;164,0;48850,84;16;Q3;9;Set
2025-09-22;361-720;Robô;0,0;0,0;0,0;0,0;0,0;0,0;0,0;0,0;16;Q3;9;Set
2025-09-22;Maior 720;Humano;132,0;59048,17;43,0;14011,130000000001;28,0;9671,439999999999;11,0;2191,8000000000006;16;Q3;9;Set
2025-09-22;Maior 720;Robô;0,0;0,0;0,0;0,0;0,0;0,0;0,0;0,0;16;Q3;9;Set
2025-09-23;Preventivo;Humano;21,0;1309,99;18,0;1103,35;0,0;0,0;0,0;0,0;17;Q3;9;Set
2025-09-23;Preventivo;Robô;0,0;0,0;0,0;0,0;0,0;0,0;0,0;0,0;17;Q3;9;Set
2025-09-23;0-30;Humano;6,0;817,04;5,0;295,45;2,0;155,75;2,0;155,75;17;Q3;9;Set
2025-09-23;0-30;Robô;36,0;3341,02;27,0;2371,0299999999997;20,0;1960,5900000000001;11,0;1309,8700000000001;17;Q3;9;Set
2025-09-23;31-60;Humano;1,0;53,959999999999994;1,0;53,959999999999994;0,0;0,0;0,0;0,0;17;Q3;9;Set
2025-09-23;31-60;Robô;31,0;3750,24;25,0;3171,3499999999995;14,0;2730,3799999999997;3,0;456,2;17;Q3;9;Set
2025-09-23;61-90;Humano;0,0;0,0;0,0;0,0;0,0;0,0;0,0;0,0;17;Q3;9;Set
2025-09-23;61-90;Robô;0,0;0,0;0,0;0,0;0,0;0,0;0,0;0,0;17;Q3;9;Set
2025-09-23;91-120;Humano;0,0;0,0;0,0;0,0;0,0;0,0;0,0;0,0;17;Q3;9;Set
2025-09-23;91-120;Robô;126,0;83765,84999999998;7,0;1201,6599999999999;3,0;901,6399999999999;1,0;58,21;17;Q3;9;Set
2025-09-23;121-150;Humano;58,0;12124,0;18,0;1666,2500000000002;14,0;1462,7800000000002;8,0;583,8800000000001;17;Q3;9;Set
2025-09-23;121-150;Robô;138,0;83032,15;21,0;2161,31;15,0;1450,8700000000003;8,0;450,71000000000004;17;Q3;9;Set
2025-09-23;151-180;Humano;32,0;11160,54;8,0;791,4000000000001;7,0;631,6000000000001;6,0;566,6200000000001;17;Q3;9;Set
2025-09-23;151-180;Robô;59,0;41408,11;9,0;901,2;7,0;676,4200000000001;7,0;676,4200000000001;17;Q3;9;Set
2025-09-23;181-360;Humano;499,0;217289,62;131,0;30031,79;90,0;22049,249999999996;48,0;8585,140000000001;17;Q3;9;Set
2025-09-23;181-360;Robô;369,0;207348,78;55,0;11841,779999999999;43,0;10643,84;24,0;4295,889999999999;17;Q3;9;Set
2025-09-23;361-720;Humano;1391,0;995562,7200000002;468,0;224303,78000000003;371,0;173362,16999999998;165,0;49010,64;17;Q3;9;Set
2025-09-23;361-720;Robô;0,0;0,0;0,0;0,0;0,0;0,0;0,0;0,0;17;Q3;9;Set
2025-09-23;Maior 720;Humano;132,0;59048,17;43,0;14011,130000000001;28,0;9671,439999999999;11,0;2191,8000000000006;17;Q3;9;Set
2025-09-23;Maior 720;Robô;0,0;0,0;0,0;0,0;0,0;0,0;0,0;0,0;17;Q3;9;Set
2025-09-24;Preventivo;Humano;21,0;1309,99;18,0;1103,35;0,0;0,0;0,0;0,0;18;Q3;9;Set
2025-09-24;Preventivo;Robô;0,0;0,0;0,0;0,0;0,0;0,0;0,0;0,0;18;Q3;9;Set
2025-09-24;0-30;Humano;6,0;817,04;5,0;295,45;2,0;155,75;2,0;155,75;18;Q3;9;Set
2025-09-24;0-30;Robô;36,0;3341,02;27,0;2371,0299999999997;20,0;1960,5900000000001;11,0;1309,8700000000001;18;Q3;9;Set
2025-09-24;31-60;Humano;1,0;53,959999999999994;1,0;53,959999999999994;0,0;0,0;0,0;0,0;18;Q3;9;Set
2025-09-24;31-60;Robô;31,0;3750,24;25,0;3171,3499999999995;14,0;2730,3799999999997;3,0;456,2;18;Q3;9;Set
2025-09-24;61-90;Humano;0,0;0,0;0,0;0,0;0,0;0,0;0,0;0,0;18;Q3;9;Set
2025-09-24;61-90;Robô;0,0;0,0;0,0;0,0;0,0;0,0;0,0;0,0;18;Q3;9;Set
2025-09-24;91-120;Humano;0,0;0,0;0,0;0,0;0,0;0,0;0,0;0,0;18;Q3;9;Set
2025-09-24;91-120;Robô;126,0;83765,84999999998;7,0;1201,6599999999999;3,0;901,6399999999999;1,0;58,21;18;Q3;9;Set
2025-09-24;121-150;Humano;58,0;12124,0;18,0;1666,2500000000002;14,0;1462,7800000000002;8,0;583,8800000000001;18;Q3;9;Set
2025-09-24;121-150;Robô;138,0;83032,15;21,0;2161,31;15,0;1450,8700000000003;8,0;450,71000000000004;18;Q3;9;Set
2025-09-24;151-180;Humano;32,0;11160,54;8,0;791,4000000000001;7,0;631,6000000000001;6,0;566,6200000000001;18;Q3;9;Set
2025-09-24;151-180;Robô;59,0;41408,11;9,0;901,2;7,0;676,4200000000001;7,0;676,4200000000001;18;Q3;9;Set
2025-09-24;181-360;Humano;499,0;217289,62;131,0;30031,79;90,0;22049,249999999996;48,0;8585,140000000001;18;Q3;9;Set
2025-09-24;181-360;Robô;369,0;207348,78;55,0;11841,779999999999;43,0;10643,84;24,0;4295,889999999999;18;Q3;9;Set
2025-09-24;361-720;Humano;1432,0;1025467,9800000001;486,0;234490,14;385,0;181890,15000000002;174,0;52076,259999999995;18;Q3;9;Set
2025-09-24;361-720;Robô;0,0;0,0;0,0;0,0;0,0;0,0;0,0;0,0;18;Q3;9;Set
2025-09-24;Maior 720;Humano;132,0;59048,17;43,0;14011,130000000001;28,0;9671,439999999999;11,0;2191,8000000000006;18;Q3;9;Set
2025-09-24;Maior 720;Robô;0,0;0,0;0,0;0,0;0,0;0,0;0,0;0,0;18;Q3;9;Set
2025-09-25;Preventivo;Humano;21,0;1309,99;18,0;1103,35;0,0;0,0;0,0;0,0;19;Q3;9;Set
2025-09-25;Preventivo;Robô;0,0;0,0;0,0;0,0;0,0;0,0;0,0;0,0;19;Q3;9;Set
2025-09-25;0-30;Humano;18,0;5190,69;10,0;644,95;7,0;505,2500000000001;7,0;505,2500000000001;19;Q3;9;Set
2025-09-25;0-30;Robô;36,0;3341,02;27,0;2371,0299999999997;20,0;1960,5900000000001;11,0;1309,8700000000001;19;Q3;9;Set
2025-09-25;31-60;Humano;43,0;10702,44;12,0;2256,96;11,0;2203,0;7,0;539,2;19;Q3;9;Set
2025-09-25;31-60;Robô;31,0;3750,24;25,0;3171,3499999999995;14,0;2730,3799999999997;3,0;456,2;19;Q3;9;Set
2025-09-25;61-90;Humano;9,0;3393,6099999999997;4,0;1529,1399999999999;2,0;90,74;1,0;30,84;19;Q3;9;Set
2025-09-25;61-90;Robô;0,0;0,0;0,0;0,0;0,0;0,0;0,0;0,0;19;Q3;9;Set
2025-09-25;91-120;Humano;15,0;4784,450000000001;1,0;313,26;0,0;0,0;0,0;0,0;19;Q3;9;Set
2025-09-25;91-120;Robô;126,0;83765,84999999998;7,0;1201,6599999999999;3,0;901,6399999999999;1,0;58,21;19;Q3;9;Set
2025-09-25;121-150;Humano;81,0;22041,34;24,0;6007,0;16,0;2131,98;8,0;583,8800000000001;19;Q3;9;Set
2025-09-25;121-150;Robô;138,0;83032,15;21,0;2161,31;15,0;1450,8700000000003;8,0;450,71000000000004;19;Q3;9;Set
2025-09-25;151-180;Humano;48,0;17114,34;9,0;965,52;8,0;805,72;6,0;566,6200000000001;19;Q3;9;Set
2025-09-25;151-180;Robô;59,0;41408,11;9,0;901,2;7,0;676,4200000000001;7,0;676,4200000000001;19;Q3;9;Set
2025-09-25;181-360;Humano;499,0;217289,62;131,0;30031,79;90,0;22049,249999999996;48,0;8585,140000000001;19;Q3;9;Set
2025-09-25;181-360;Robô;369,0;207348,78;55,0;11841,779999999999;43,0;10643,84;24,0;4295,889999999999;19;Q3;9;Set
2025-09-25;361-720;Humano;1442,0;1028684,1200000001;491,0;235780,15999999997;390,0;183180,17;178,0;53294,37000000001;19;Q3;9;Set
2025-09-25;361-720;Robô;0,0;0,0;0,0;0,0;0,0;0,0;0,0;0,0;19;Q3;9;Set
2025-09-25;Maior 720;Humano;132,0;59048,17;43,0;14011,130000000001;28,0;9671,439999999999;11,0;2191,8000000000006;19;Q3;9;Set
2025-09-25;Maior 720;Robô;0,0;0,0;0,0;0,0;0,0;0,0;0,0;0,0;19;Q3;9;Set
2025-09-26;Preventivo;Humano;21,0;1309,99;18,0;1103,35;0,0;0,0;0,0;0,0;20;Q3;9;Set
2025-09-26;Preventivo;Robô;0,0;0,0;0,0;0,0;0,0;0,0;0,0;0,0;20;Q3;9;Set
2025-09-26;0-30;Humano;25,0;7008,49;14,0;1503,8500000000004;11,0;1364,15;8,0;585,1500000000001;20;Q3;9;Set
2025-09-26;0-30;Robô;36,0;3341,02;27,0;2371,0299999999997;20,0;1960,5900000000001;11,0;1309,8700000000001;20;Q3;9;Set
2025-09-26;31-60;Humano;60,0;16544,75;19,0;3681,81;17,0;3627,13;10,0;929,31;20;Q3;9;Set
2025-09-26;31-60;Robô;31,0;3750,24;25,0;3171,3499999999995;14,0;2730,3799999999997;3,0;456,2;20;Q3;9;Set
2025-09-26;61-90;Humano;18,0;7388,16;9,0;4485,89;6,0;2645,36;2,0;110,74000000000001;20;Q3;9;Set
2025-09-26;61-90;Robô;0,0;0,0;0,0;0,0;0,0;0,0;0,0;0,0;20;Q3;9;Set
2025-09-26;91-120;Humano;21,0;6717,370000000001;1,0;313,26;0,0;0,0;0,0;0,0;20;Q3;9;Set
2025-09-26;91-120;Robô;126,0;83765,84999999998;7,0;1201,6599999999999;3,0;901,6399999999999;1,0;58,21;20;Q3;9;Set
2025-09-26;121-150;Humano;89,0;26723,71;27,0;8126,650000000001;17,0;2771,2799999999997;8,0;583,8800000000001;20;Q3;9;Set
2025-09-26;121-150;Robô;138,0;83032,15;21,0;2161,31;15,0;1450,8700000000003;8,0;450,71000000000004;20;Q3;9;Set
2025-09-26;151-180;Humano;53,0;18769,44;10,0;1409,32;9,0;1249,52;6,0;566,6200000000001;20;Q3;9;Set
2025-09-26;151-180;Robô;59,0;41408,11;9,0;901,2;7,0;676,4200000000001;7,0;676,4200000000001;20;Q3;9;Set
2025-09-26;181-360;Humano;499,0;217289,62;131,0;30031,79;90,0;22049,249999999996;48,0;8585,140000000001;20;Q3;9;Set
2025-09-26;181-360;Robô;369,0;207348,78;55,0;11841,779999999999;43,0;10643,84;24,0;4295,889999999999;20;Q3;9;Set
2025-09-26;361-720;Humano;1462,0;1041944,8599999999;500,0;243762,7;396,0;189109,2;183,0;56213,62000000001;20;Q3;9;Set
2025-09-26;361-720;Robô;0,0;0,0;0,0;0,0;0,0;0,0;0,0;0,0;20;Q3;9;Set
2025-09-26;Maior 720;Humano;132,0;59048,17;43,0;14011,130000000001;28,0;9671,439999999999;11,0;2191,8000000000006;20;Q3;9;Set
2025-09-26;Maior 720;Robô;0,0;0,0;0,0;0,0;0,0;0,0;0,0;0,0;20;Q3;9;Set
2025-09-27;Preventivo;Humano;21,0;1309,99;18,0;1103,35;0,0;0,0;0,0;0,0;20;Q3;9;Set
2025-09-27;Preventivo;Robô;0,0;0,0;0,0;0,0;0,0;0,0;0,0;0,0;20;Q3;9;Set
2025-09-27;0-30;Humano;25,0;7008,49;14,0;1503,8500000000004;11,0;1364,15;8,0;585,1500000000001;20;Q3;9;Set
2025-09-27;0-30;Robô;36,0;3341,02;27,0;2371,0299999999997;20,0;1960,5900000000001;11,0;1309,8700000000001;20;Q3;9;Set
2025-09-27;31-60;Humano;60,0;16544,75;19,0;3681,81;17,0;3627,13;10,0;929,31;20;Q3;9;Set
2025-09-27;31-60;Robô;31,0;3750,24;25,0;3171,3499999999995;14,0;2730,3799999999997;3,0;456,2;20;Q3;9;Set
2025-09-27;61-90;Humano;18,0;7388,16;9,0;4485,89;6,0;2645,36;2,0;110,74000000000001;20;Q3;9;Set
2025-09-27;61-90;Robô;0,0;0,0;0,0;0,0;0,0;0,0;0,0;0,0;20;Q3;9;Set
2025-09-27;91-120;Humano;28,0;9305,789999999999;2,0;952,56;0,0;0,0;0,0;0,0;20;Q3;9;Set
2025-09-27;91-120;Robô;126,0;83765,84999999998;7,0;1201,6599999999999;3,0;901,6399999999999;1,0;58,21;20;Q3;9;Set
2025-09-27;121-150;Humano;92,0;27437,03;27,0;8126,650000000001;17,0;2771,2799999999997;8,0;583,8800000000001;20;Q3;9;Set
2025-09-27;121-150;Robô;138,0;83032,15;21,0;2161,31;15,0;1450,8700000000003;8,0;450,71000000000004;20;Q3;9;Set
2025-09-27;151-180;Humano;57,0;19671,960000000003;12,0;2108,42;11,0;1948,62;7,0;626,4200000000001;20;Q3;9;Set
2025-09-27;151-180;Robô;59,0;41408,11;9,0;901,2;7,0;676,4200000000001;7,0;676,4200000000001;20;Q3;9;Set
2025-09-27;181-360;Humano;502,0;218286,43;133,0;30948,7;92,0;22966,16;49,0;9058,25;20;Q3;9;Set
2025-09-27;181-360;Robô;369,0;207348,78;55,0;11841,779999999999;43,0;10643,84;24,0;4295,889999999999;20;Q3;9;Set
2025-09-27;361-720;Humano;1490,0;1059279,8199999998;514,0;249955,53999999998;407,0;193200,44;191,0;58053,96000000001;20;Q3;9;Set
2025-09-27;361-720;Robô;0,0;0,0;0,0;0,0;0,0;0,0;0,0;0,0;20;Q3;9;Set
2025-09-27;Maior 720;Humano;132,0;59048,17;43,0;14011,130000000001;28,0;9671,439999999999;11,0;2191,8000000000006;20;Q3;9;Set
2025-09-27;Maior 720;Robô;0,0;0,0;0,0;0,0;0,0;0,0;0,0;0,0;20;Q3;9;Set
2025-09-29;Preventivo;Humano;21,0;1309,99;18,0;1103,35;0,0;0,0;0,0;0,0;21;Q3;9;Set
2025-09-29;Preventivo;Robô;0,0;0,0;0,0;0,0;0,0;0,0;0,0;0,0;21;Q3;9;Set
2025-09-29;0-30;Humano;35,0;8033,28;17,0;1873,45;13,0;1573,9500000000003;10,0;794,9499999999999;21;Q3;9;Set
2025-09-29;0-30;Robô;36,0;3341,02;27,0;2371,0299999999997;20,0;1960,5900000000001;11,0;1309,8700000000001;21;Q3;9;Set
2025-09-29;31-60;Humano;98,0;23931,34;35,0;4815,709999999999;30,0;4499,149999999999;16,0;1323,5300000000002;21;Q3;9;Set
2025-09-29;31-60;Robô;31,0;3750,24;25,0;3171,3499999999995;14,0;2730,3799999999997;3,0;456,2;21;Q3;9;Set
2025-09-29;61-90;Humano;28,0;11242,649999999998;15,0;7459,7699999999995;12,0;5619,24;4,0;345,10999999999996;21;Q3;9;Set
2025-09-29;61-90;Robô;0,0;0,0;0,0;0,0;0,0;0,0;0,0;0,0;21;Q3;9;Set
2025-09-29;91-120;Humano;35,0;13661,47;6,0;3310,4399999999996;4,0;2357,88;1,0;649,1999999999999;21;Q3;9;Set
2025-09-29;91-120;Robô;126,0;83765,84999999998;7,0;1201,6599999999999;3,0;901,6399999999999;1,0;58,21;21;Q3;9;Set
2025-09-29;121-150;Humano;115,0;34547,36000000001;33,0;9923,92;21,0;4349,92;11,0;1523,22;21;Q3;9;Set
2025-09-29;121-150;Robô;138,0;83032,15;21,0;2161,31;15,0;1450,8700000000003;8,0;450,71000000000004;21;Q3;9;Set
2025-09-29;151-180;Humano;64,0;22913,72;16,0;3933,1600000000003;15,0;3773,36;9,0;1848,6699999999998;21;Q3;9;Set
2025-09-29;151-180;Robô;59,0;41408,11;9,0;901,2;7,0;676,4200000000001;7,0;676,4200000000001;21;Q3;9;Set
2025-09-29;181-360;Humano;502,0;218286,43;133,0;30948,7;92,0;22966,16;49,0;9058,25;21;Q3;9;Set
2025-09-29;181-360;Robô;369,0;207348,78;55,0;11841,779999999999;43,0;10643,84;24,0;4295,889999999999;21;Q3;9;Set
2025-09-29;361-720;Humano;1511,0;1068161,12;523,0;254617,09999999998;413,0;196812,03;193,0;59289,44000000001;21;Q3;9;Set
2025-09-29;361-720;Robô;0,0;0,0;0,0;0,0;0,0;0,0;0,0;0,0;21;Q3;9;Set
2025-09-29;Maior 720;Humano;152,0;64770,96;47,0;14753,29;30,0;10278,380000000001;11,0;2191,8000000000006;21;Q3;9;Set
2025-09-29;Maior 720;Robô;0,0;0,0;0,0;0,0;0,0;0,0;0,0;0,0;21;Q3;9;Set
2025-09-30;Preventivo;Humano;21,0;1309,99;18,0;1103,35;0,0;0,0;0,0;0,0;22;Q3;9;Set
2025-09-30;Preventivo;Robô;0,0;0,0;0,0;0,0;0,0;0,0;0,0;0,0;22;Q3;9;Set
2025-09-30;0-30;Humano;41,0;8470,13;18,0;1930,7;13,0;1573,9500000000003;10,0;794,9499999999999;22;Q3;9;Set
2025-09-30;0-30;Robô;36,0;3341,02;27,0;2371,0299999999997;20,0;1960,5900000000001;11,0;1309,8700000000001;22;Q3;9;Set
2025-09-30;31-60;Humano;115,0;27654,64000000001;38,0;5035,3099999999995;31,0;4579,05;18,0;1432,68;22;Q3;9;Set
2025-09-30;31-60;Robô;31,0;3750,24;25,0;3171,3499999999995;14,0;2730,3799999999997;3,0;456,2;22;Q3;9;Set
2025-09-30;61-90;Humano;33,0;11928,009999999997;19,0;8097,53;15,0;6062,349999999999;6,0;484,80999999999995;22;Q3;9;Set
2025-09-30;61-90;Robô;0,0;0,0;0,0;0,0;0,0;0,0;0,0;0,0;22;Q3;9;Set
2025-09-30;91-120;Humano;40,0;15292,38;8,0;3822,06;4,0;2357,88;1,0;649,1999999999999;22;Q3;9;Set
2025-09-30;91-120;Robô;126,0;83765,84999999998;7,0;1201,6599999999999;3,0;901,6399999999999;1,0;58,21;22;Q3;9;Set
2025-09-30;121-150;Humano;126,0;39658,61;37,0;12366,8;25,0;6792,8;12,0;3682,6699999999996;22;Q3;9;Set
2025-09-30;121-150;Robô;138,0;83032,15;21,0;2161,31;15,0;1450,8700000000003;8,0;450,71000000000004;22;Q3;9;Set
2025-09-30;151-180;Humano;81,0;35160,14;21,0;4705,759999999999;19,0;4371,839999999999;11,0;1908,47;22;Q3;9;Set
2025-09-30;151-180;Robô;59,0;41408,11;9,0;901,2;7,0;676,4200000000001;7,0;676,4200000000001;22;Q3;9;Set
2025-09-30;181-360;Humano;502,0;218286,43;133,0;30948,7;92,0;22966,16;49,0;9058,25;22;Q3;9;Set
2025-09-30;181-360;Robô;369,0;207348,78;55,0;11841,779999999999;43,0;10643,84;24,0;4295,889999999999;22;Q3;9;Set
2025-09-30;361-720;Humano;1833,0;1349546,94;531,0;260929,24;419,0;201410,29000000004;194,0;59450,520000000004;22;Q3;9;Set
2025-09-30;361-720;Robô;0,0;0,0;0,0;0,0;0,0;0,0;0,0;0,0;22;Q3;9;Set
2025-09-30;Maior 720;Humano;152,0;64770,96;47,0;14753,29;30,0;10278,380000000001;11,0;2191,8000000000006;22;Q3;9;Set
2025-09-30;Maior 720;Robô;0,0;0,0;0,0;0,0;0,0;0,0;0,0;0,0;22;Q3;9;Set
